{"min": [-0.477608, -0.697532, -0.573028], "max": [0.503087, 0.780486, 0.499739]}