{"min": [-0.450375, -0.807783, -0.580441], "max": [0.489392, 0.758765, 0.55187]}