{"min": [-0.857458, -0.501318, -0.258124], "max": [0.858856, 0.479433, 0.311427]}