{"min": [-0.486901, -0.385641, -0.511752], "max": [0.494222, 0.544982, 0.840588]}