{"min": [-0.869042, -0.079531, -0.572163], "max": [0.847777, 0.136775, 0.579536]}