{"min": [-0.431264, -0.603613, -0.365253], "max": [0.488581, 0.849588, 0.473017]}