{"min": [-0.732829, -0.516654, -0.545423], "max": [0.689047, 0.544865, 0.571965]}