{"min": [-0.999695, -0.455298, -0.709157], "max": [0.965167, 0.501863, 0.752969]}