{"min": [-0.335124, -0.882022, -0.413305], "max": [0.400974, 0.884616, 0.45024]}