{"min": [-0.934711, -0.286149, -0.251628], "max": [0.935209, 0.298201, 0.299852]}