{"min": [-0.497966, -0.935326, -0.500937], "max": [0.489536, 0.902056, 0.486565]}