{"min": [-0.671984, -0.406618, -0.4958], "max": [0.660178, 0.635944, 0.409337]}