{"min": [-0.197574, -0.204028, -0.879035], "max": [0.205029, 0.234321, 0.987029]}