{"min": [-0.664015, -0.587847, -0.448138], "max": [0.651233, 0.672599, 0.500708]}