{"min": [-0.814795, -0.561245, -0.295696], "max": [0.777031, 0.572327, 0.397713]}