{"min": [-0.734552, -0.370046, -0.474546], "max": [0.801873, 0.414511, 0.515958]}