{"min": [-0.760059, -0.659941, -0.208468], "max": [0.794516, 0.404153, 0.245019]}