{"min": [-1.010292, -0.449528, -0.885244], "max": [1.062777, 0.560344, 0.867617]}