{"min": [-0.863809, -0.370101, -0.389884], "max": [0.91709, 0.37194, 0.458825]}