{"min": [-0.340122, -0.942796, -0.355773], "max": [0.355658, 0.868046, 0.278418]}