{"min": [-0.675735, -0.814928, -0.266577], "max": [0.715897, 0.706054, 0.273126]}