{"min": [-0.4586, -0.245022, -0.499587], "max": [0.487572, 0.815564, 0.644334]}