{"min": [-0.786209, -0.503626, -0.418011], "max": [0.799303, 0.499785, 0.44383]}