{"min": [-0.435546, -0.691669, -0.518147], "max": [0.464367, 0.607335, 0.912322]}