{"min": [-0.35145, -0.942634, -0.342698], "max": [0.341213, 0.974724, 0.349965]}