{"min": [-0.761475, -0.49536, -0.567261], "max": [0.795292, 0.435315, 0.630773]}