{"min": [-0.862331, -0.493543, -0.420205], "max": [0.851017, 0.363131, 0.436469]}