{"min": [-0.851873, -0.497043, -0.209726], "max": [0.869375, 0.487827, 0.343296]}