{"min": [-0.30443, -0.734154, -0.304728], "max": [0.315966, 0.99532, 0.315668]}