{"min": [-0.430524, -0.375444, -0.706297], "max": [0.443638, 0.654272, 0.650575]}