{"min": [-0.742256, -0.620143, -0.450792], "max": [0.718415, 0.597084, 0.527671]}