{"min": [-0.871716, -0.540574, -0.83015], "max": [0.827244, 0.82551, 0.870085]}