{"min": [-0.525964, -0.750918, -0.516864], "max": [0.5007, 0.70093, 0.573562]}