{"min": [-0.786804, -0.531829, -0.730139], "max": [0.391777, 0.726322, 0.810183]}