{"min": [-0.558267, -0.73316, -0.39375], "max": [0.580133, 0.772517, 0.422907]}