{"min": [-0.326563, -0.330472, -0.974846], "max": [0.329403, 0.292282, 0.742167]}