{"min": [-0.590593, -0.297046, -0.455315], "max": [0.586738, 0.921095, 0.686052]}