{"min": [-0.660894, -0.396665, -0.607053], "max": [0.665812, 0.396497, 0.950656]}