{"min": [-0.084135, -0.063666, -0.94842], "max": [0.100874, 0.065946, 1.089633]}