{"min": [-0.441046, -0.601407, -0.793437], "max": [0.448359, 0.657042, 0.728049]}