{"min": [-0.831033, -0.423587, -0.437727], "max": [0.849176, 0.416517, 0.535832]}