{"min": [-0.661769, -0.330134, -0.332655], "max": [0.637818, 0.763787, 0.630662]}