{"min": [-0.898018, -0.456898, -0.307694], "max": [0.90808, 0.065703, 0.300473]}