{"min": [-0.888674, -0.464367, -0.279561], "max": [0.880735, 0.541219, 0.650698]}