{"min": [-0.377852, -0.455802, -1.043197], "max": [0.382768, 0.201132, 0.737509]}