{"min": [-0.550476, -0.163941, -0.511264], "max": [1.092887, 0.232447, 0.507198]}