{"min": [-0.392486, -0.322544, -0.906702], "max": [0.38309, 0.843635, 0.937443]}