{"min": [-0.525264, -0.812469, -0.194267], "max": [0.526131, 0.837637, 0.27302]}