{"min": [-0.452588, -0.387078, -1.036307], "max": [0.447445, 0.63733, 0.811287]}