{"min": [-0.793978, -0.312654, -0.288121], "max": [0.783754, 0.499709, 0.929288]}