{"min": [-0.554226, -0.845737, -0.549538], "max": [0.541884, 0.924787, 0.546573]}