{"min": [-0.648669, -0.777854, -0.657768], "max": [0.638935, 0.954672, 0.630946]}