{"min": [-0.781826, -0.509228, -0.501876], "max": [0.779037, 0.47491, 0.46242]}