{"min": [-0.449688, -0.690761, -0.303824], "max": [0.444559, 0.994552, 0.31527]}