{"min": [-0.820285, -0.559343, -0.306475], "max": [0.773958, 0.575951, 0.369871]}