{"min": [-0.77006, -0.434285, -0.431838], "max": [0.832909, 0.471205, 0.482077]}