{"min": [-0.920693, -0.417863, -0.29838], "max": [0.680257, 0.298973, 0.289174]}