{"min": [-0.588613, -0.301346, -0.801791], "max": [0.628183, 0.139151, 0.273393]}