{"min": [-0.194182, -0.714991, -0.190223], "max": [0.198222, 0.996186, 0.202181]}