{"min": [-0.815823, -0.347061, -0.665338], "max": [0.822322, 0.423831, 0.527451]}