{"min": [-0.358063, -0.58427, -0.483387], "max": [0.43894, 0.843897, 0.903472]}