{"min": [-0.70086, -0.391345, -0.447055], "max": [0.619624, 0.623284, 0.428552]}