{"min": [-0.877232, -0.483014, -0.347607], "max": [0.958812, 0.06253, 0.386232]}