{"min": [-0.392584, -0.717964, -0.541084], "max": [0.401389, 0.803819, 0.60301]}