{"min": [-0.621116, -0.586519, -0.606942], "max": [0.601913, 0.5691, 0.679787]}