{"min": [-0.367301, -0.830778, -0.441568], "max": [0.341625, 0.830349, 0.34049]}