{"min": [-0.787708, -0.321403, -0.925465], "max": [0.799042, 0.379925, 0.94339]}