{"min": [-0.209997, -0.690097, -0.209439], "max": [0.208408, 0.99799, 0.209014]}