{"min": [-0.808064, -0.257821, -0.58329], "max": [0.832564, 0.197524, 0.586534]}