{"min": [-0.305207, -0.860552, -0.299015], "max": [0.318393, 0.907133, 0.357063]}