{"min": [-0.912911, -0.61812, -0.25565], "max": [0.957782, 0.31367, 0.363172]}