{"min": [-0.576034, -0.166279, -0.851967], "max": [0.554383, 0.149611, 0.362564]}