{"min": [-0.544737, -0.792062, -0.565597], "max": [0.520096, 0.7355, 0.582863]}