{"min": [-0.680105, -0.461902, -0.397563], "max": [0.653874, 0.583623, 0.98074]}