{"min": [-0.889526, -0.476811, -0.202683], "max": [0.873099, 0.502425, 0.230202]}