{"min": [-0.228005, -0.950377, -0.262907], "max": [0.21394, 0.966489, 0.319608]}