{"min": [-0.746841, -0.358302, -0.500577], "max": [0.71462, 0.750156, 0.586035]}