{"min": [-0.677482, -0.254526, -0.770211], "max": [0.682387, 0.162222, 0.102167]}