{"min": [-0.56004, -0.91014, -0.534005], "max": [0.534315, 0.894365, 0.56035]}