{"min": [-0.812693, -0.625714, -0.320028], "max": [0.737841, 0.268246, 0.540481]}