{"min": [-0.572473, -0.851299, -0.584472], "max": [0.567891, 0.771836, 0.555892]}