{"min": [-0.430276, -0.75388, -0.536253], "max": [0.424771, 0.752738, 0.554616]}