{"min": [-0.165123, -0.040847, -0.746794], "max": [0.195437, 0.041666, 1.024602]}