{"min": [-0.39423, -0.783184, -0.543979], "max": [0.401038, 0.652717, 0.610264]}