{"min": [-0.725215, -0.718438, -0.419703], "max": [0.703127, 0.107059, 0.388991]}