{"min": [-0.49375, -0.741103, -0.558686], "max": [0.489277, 0.739012, 0.569232]}