{"min": [-0.739534, -0.468554, -0.625556], "max": [0.777151, 0.284425, 0.58348]}