{"min": [-0.889851, -0.516063, -0.15898], "max": [0.839876, 0.512972, 0.362696]}