{"min": [-0.613533, -0.700507, -0.417824], "max": [0.61787, 0.606148, 0.403112]}