{"min": [-0.253068, -0.951535, -0.235484], "max": [0.251256, 0.954571, 0.295107]}