{"min": [-0.122576, -0.106323, -0.657156], "max": [0.224487, 0.055929, 1.004576]}