{"min": [-0.722597, -0.655315, -0.44375], "max": [0.757061, 0.577734, 0.548617]}