{"min": [-0.761897, -0.563347, -0.46063], "max": [0.805089, 0.442685, 0.411088]}