{"min": [-0.675163, -0.714931, -0.554623], "max": [0.643511, 0.585973, 0.560916]}