{"min": [-0.626888, -0.235485, -0.801463], "max": [0.609629, 0.238823, 0.117776]}