{"min": [-0.23346, -0.629196, -0.235729], "max": [0.238538, 0.999631, 0.236269]}