{"min": [-0.659385, -0.370863, -0.666036], "max": [0.766151, 0.297113, 0.353006]}