{"min": [-0.799556, -0.526367, -0.380584], "max": [0.767601, 0.503765, 0.434995]}