{"min": [-0.296513, -0.654086, -0.296537], "max": [0.304892, 1.009544, 0.304868]}