{"min": [-0.572368, -0.821344, -0.564204], "max": [0.561591, 0.885686, 0.569755]}