{"min": [-0.863456, -0.586606, -0.237158], "max": [0.865325, 0.17301, 0.312908]}