{"min": [-0.810091, -0.475767, -0.396009], "max": [0.818187, 0.457136, 0.42711]}