{"min": [-0.644256, -0.705401, -0.342647], "max": [0.662444, 0.677523, 0.384829]}