{"min": [-0.389739, -0.94861, -0.441764], "max": [0.36757, 0.80269, 0.773319]}