{"min": [-0.93505, -0.564715, -0.320853], "max": [0.412025, 0.279647, 0.313638]}