{"min": [-0.94917, -0.361976, -0.180044], "max": [0.947381, 0.254739, 0.258373]}