{"min": [-0.938925, -0.629581, -0.831969], "max": [1.001658, 0.900068, 0.819887]}