{"min": [-0.273206, -0.803646, -0.273789], "max": [0.272237, 0.995765, 0.271654]}