{"min": [-0.538633, -0.713875, -0.516069], "max": [0.508704, 0.773011, 0.605939]}