{"min": [-0.680424, -0.750025, -0.401533], "max": [0.702934, 0.100093, 0.373149]}