{"min": [-0.172869, -0.07273, -0.787669], "max": [0.247908, 0.11098, 1.036391]}