{"min": [-0.444166, -0.831968, -0.399269], "max": [0.468526, 0.825287, 0.370814]}