{"min": [-0.669055, -0.416179, -0.476073], "max": [0.670229, 0.568688, 0.947885]}