{"min": [-0.60556, -0.638938, -0.436327], "max": [0.579295, 0.747846, 0.501225]}