{"min": [-0.133212, -0.043445, -0.896015], "max": [0.130097, 0.091971, 1.023568]}