{"min": [-0.578344, -0.585808, -0.600367], "max": [0.598494, 0.526165, 0.637765]}