{"min": [-0.526753, -0.810819, -0.520808], "max": [0.52876, 0.904389, 0.534704]}