{"min": [-0.775196, -0.363925, -0.544123], "max": [0.812023, 0.360552, 0.549548]}