{"min": [-0.47528, -0.916245, -0.474203], "max": [0.4739, 0.808552, 0.474978]}