{"min": [-0.192076, -0.860143, -0.367586], "max": [0.343611, 0.901068, 0.860759]}