{"min": [-0.278059, -0.63038, -0.164013], "max": [0.286021, 0.961342, 0.173193]}