{"min": [-0.796519, -0.592581, -0.224148], "max": [0.750035, 0.474541, 0.337715]}