{"min": [-0.078828, -0.059371, -0.674366], "max": [0.082196, 0.057552, 1.099474]}