{"min": [-0.299765, -0.37663, -0.93572], "max": [0.294139, 0.31394, 0.611791]}