{"min": [-0.851284, -0.386095, -0.329592], "max": [0.87773, 0.399821, 0.412116]}