{"min": [-0.745984, -0.4829, -0.378208], "max": [0.840725, 0.478742, 0.391106]}