{"min": [-0.638563, -0.787263, -0.500224], "max": [0.644772, 0.624489, 0.552567]}