{"min": [-0.502741, -0.803077, -0.519983], "max": [0.515998, 0.687499, 0.54165]}