{"min": [-0.775805, -0.446547, -0.504067], "max": [0.843145, 0.467971, 0.537502]}