{"min": [-0.42546, -0.690197, -0.635337], "max": [0.583626, 0.78059, 0.770743]}