{"min": [-0.255311, -0.902531, -0.253664], "max": [0.259747, 0.992838, 0.261394]}