{"min": [-0.261607, -0.634571, -0.264778], "max": [0.268656, 0.998945, 0.255103]}