{"min": [-0.759581, -0.553261, -0.318447], "max": [0.746564, 0.050247, 0.387394]}