{"min": [-0.738986, -0.779016, -0.302096], "max": [0.783576, 0.134521, 0.306928]}