{"min": [-0.399991, -0.921871, -0.424076], "max": [0.439176, 0.845589, 0.415091]}