{"min": [-0.87818, -0.352661, -0.326358], "max": [0.924719, 0.368499, 0.378658]}