{"min": [-0.444406, -0.745994, -0.497696], "max": [0.444563, 0.77081, 0.574623]}