{"min": [-0.658118, -0.747583, -0.312165], "max": [0.646016, 0.12678, 0.347882]}