{"min": [-0.892997, -0.597014, -0.742989], "max": [0.901611, 0.689103, 0.742167]}