{"min": [-0.201923, -0.638499, -0.201526], "max": [0.209515, 1.000701, 0.209912]}