{"min": [-0.167576, -0.92853, -0.395449], "max": [0.320394, 0.856406, 0.833252]}