{"min": [-0.746105, -0.475988, -0.546951], "max": [0.659573, 0.560304, 0.918989]}