{"min": [-0.884532, -0.557302, -0.881895], "max": [0.917451, 0.497504, 0.920093]}