{"min": [-0.236666, -0.856531, -0.244985], "max": [0.245211, 1.0027, 0.236892]}