{"min": [-0.564501, -0.653051, -0.535813], "max": [0.58423, 0.675616, 0.599404]}