{"min": [-0.352225, -0.69466, -0.69411], "max": [0.359645, 0.594451, 0.720601]}