{"min": [-0.59473, -0.373105, -0.756864], "max": [0.554163, 0.52213, 0.970138]}