{"min": [-0.973483, -0.457527, -0.69735], "max": [0.934066, 0.61347, 0.710051]}