{"min": [-0.436985, -0.185677, -0.768017], "max": [0.4404, 0.522397, 0.853024]}