{"min": [-0.609009, -0.623386, -0.549922], "max": [0.590566, 0.576188, 0.558776]}