{"min": [-0.748446, -0.601604, -0.400537], "max": [0.734155, 0.602393, 0.479721]}