{"min": [-0.673299, -0.642107, -0.455959], "max": [0.650606, 0.626636, 0.504792]}