{"min": [-0.079179, -0.028125, -0.834368], "max": [0.116219, 0.046712, 1.042124]}