{"min": [-0.391658, -0.707002, -0.347209], "max": [0.388482, 0.843317, 0.933356]}