{"min": [-0.967526, -0.60902, -0.802232], "max": [0.958797, 0.909388, 0.837485]}