{"min": [-0.589406, -0.740503, -0.43528], "max": [0.583288, 0.683481, 0.533753]}