{"min": [-0.972232, -0.597282, -0.811892], "max": [1.014554, 0.586252, 0.802543]}