{"min": [-0.289386, -0.964744, -0.278801], "max": [0.291864, 0.901613, 0.311531]}