{"min": [-0.420592, -0.607249, -0.708332], "max": [0.46084, 0.5814, 0.714857]}