{"min": [-0.777868, -0.730983, -0.263125], "max": [0.829398, 0.183791, 0.26693]}