{"min": [-0.441743, -0.665569, -0.646433], "max": [0.434001, 0.506136, 0.785527]}