{"min": [-0.219348, -0.821583, -0.559117], "max": [0.202543, 0.701913, 0.654143]}