{"min": [-0.983378, -0.48778, -0.265883], "max": [0.996199, 0.892209, 0.710217]}