{"min": [-0.214142, -0.178045, -0.999814], "max": [0.209408, 0.62762, 0.982253]}