{"min": [-0.869529, -0.482049, -0.239171], "max": [0.848447, 0.457111, 0.261152]}