{"min": [-0.639708, -0.571404, -0.448366], "max": [0.670659, 0.684364, 0.496958]}