{"min": [-0.482606, -0.913444, -0.471479], "max": [0.467662, 0.919215, 0.478789]}