{"min": [-0.322558, -0.950549, -0.340126], "max": [0.316956, 0.90946, 0.314765]}