{"min": [-0.697797, -0.18815, -0.728495], "max": [0.692334, 0.258895, 0.767882]}