{"min": [-0.494565, -0.812649, -0.490216], "max": [0.499912, 0.55789, 0.509276]}