{"min": [-0.512655, -0.813519, -0.477878], "max": [0.527487, 0.757308, 0.513052]}