{"min": [-0.216621, -0.280723, -0.92484], "max": [0.215314, 0.456786, 0.951466]}