{"min": [-0.585118, -0.528085, -0.726579], "max": [0.569189, 0.573181, 0.759873]}