{"min": [-0.845934, -0.493858, -0.224937], "max": [0.854148, 0.965501, 0.577483]}