{"min": [-0.422954, -0.711349, -0.234104], "max": [0.41974, 0.930093, 0.735252]}