{"min": [-0.280745, -0.587304, -0.666257], "max": [0.271202, 0.732676, 0.638257]}