{"min": [-0.33509, -0.414593, -1.007529], "max": [0.349731, 0.402882, 0.603172]}