{"min": [-0.310993, -0.629433, -0.326889], "max": [0.3312, 1.001788, 0.315304]}