{"min": [-0.600982, -0.636746, -0.39151], "max": [0.596212, 0.859252, 0.421608]}