{"min": [-0.663729, -0.425939, -0.667703], "max": [0.654141, 0.46367, 0.66508]}