{"min": [-0.956436, -0.693954, -0.759031], "max": [0.945932, 0.748896, 0.757647]}