{"min": [-0.857997, -0.370605, -0.44471], "max": [0.899734, 0.249765, 0.42677]}