{"min": [-0.312467, -0.218965, -0.698848], "max": [0.319556, 0.687747, 0.736555]}