{"min": [-0.873992, -0.405382, -0.2816], "max": [0.724728, 0.184146, 0.557728]}