{"min": [-0.443574, -0.629023, -0.673197], "max": [0.471265, 0.604676, 0.791499]}