{"min": [-0.407652, -0.372142, -1.001286], "max": [0.404303, 0.252438, 0.614815]}