{"min": [-0.905049, -0.278108, -0.251853], "max": [0.95901, 0.089518, 0.25147]}