{"min": [-0.248618, -0.938671, -0.249641], "max": [0.250898, 0.949262, 0.275891]}