{"min": [-0.120217, -0.497696, -0.426649], "max": [0.13131, 0.443845, 0.983799]}