{"min": [-0.814811, -0.442475, -0.794184], "max": [0.768115, 0.50353, 0.788742]}