{"min": [-0.18709, -0.056588, -1.002854], "max": [0.253442, 0.057457, 0.993586]}