{"min": [-0.629882, -0.803224, -0.271528], "max": [0.662233, 0.747313, 0.327798]}